tok_count,time,question,answer,note
200,40.05486557099721,Write a Rust function that performs binary exponentiation.,"Write a Rust function that performs binary exponentiation. nobody has asked a question yet.
Write a Rust function that performs binary exponentiation.
Write a Rust function that performs binary exponentiation. The function should take two arguments, a and b, and return the result of a^b.
The function should be able to handle negative numbers, and should not panic.
The function should be able to handle negative numbers, and should not panic. The function should be able to handle negative numbers, and should not panic.
The function should be able to handle negative numbers, and should not panic.
The function should be able to handle negative numbers, and should not panic. The function should be able to handle negative numbers, and should not panic.
The function should be able to handle negative numbers, and should not panic. The function should be able to handle negative numbers, and should not panic. The function should be",gptq
200,40.637618409000424,What are the differences between Javascript and Python?,"What are the differences between Javascript and Python?
 nobody can answer this question.

Comment: I'm voting to close this question as off-topic because it is not a programming question.

Comment: @JonPurdy I think it is a programming question.

Comment: @JonPurdy I think it is a programming question.

Comment: @JonPurdy I think it is a programming question.

Comment: @JonPurdy I think it is a programming question.

Comment: @JonPurdy I think it is a programming question.

Comment: @JonPurdy I think it is a programming question.

Comment: @JonPurdy I think it is a programming question.

Comment: @JonPurdy I think it is a programming question.

Comment: @JonPurdy I think it is a",gptq
200,35.508510902000125,"Write a story in the style of James Joyce about a trip to the Australian outback in 2083, to see robots in the beautiful desert.","Write a story in the style of James Joyce about a trip to the Australian outback in 2083, to see robots in the beautiful desert. everybody is welcome to join in.
I'm not sure if this is the right place to post this, but I'm looking for a good story to read. I've read a lot of stories, but I'm looking for something that will really make me think. I'm not looking for a story that will make me cry, but I'm looking for a story that will make me think. I'm looking for a story that will make me think about the world, and about myself. I'm looking for a story that will make me think about the world, and about myself. I'm looking for a story that will make me think about the world, and about myself. I'm looking for a story that will make me think about the world, and about myself",gptq
200,40.75736404300187,Who does Harry turn into a balloon?,"Who does Harry turn into a balloon?
 nobody knows.
Who does Harry turn into a balloon?
Harry Potter turns into a balloon.
What does Harry turn into a balloon?
Harry Potter turns into a balloon. He is a balloon in the movie.
What does Harry turn into a balloon?
Harry Potter turns into a balloon. He is a balloon in the movie.
What does Harry turn into a balloon in Harry Potter and the Prisoner of Azkaban?
Harry Potter turns into a balloon in Harry Potter and the Prisoner of Azkaban.
What does Harry turn into a balloon in Harry Potter and the Prisoner of Azkaban?
Harry Potter turns into a balloon in Harry Potter and the Prisoner of Azk",gptq
200,37.55547667300198,Write a tale about a time-traveling historian who's determined to witness the most significant events in human history.,"Write a tale about a time-traveling historian who's determined to witness the most significant events in human history. nobody knows what the future holds, but the past is a sure thing.
The time traveler was a man named John. He was a historian, and he was determined to witness the most significant events in human history. He had traveled to the past many times, but this time was different. He was going to witness the birth of Jesus Christ.
John arrived in Bethlehem on the night of December 24th. He was excited to see the baby Jesus, but he was also nervous. He had never been to Bethlehem before, and he didn't know what to expect.
As he walked through the streets, he saw people celebrating the birth of the baby Jesus. He heard the sound of bells ringing and saw people singing. It was a beautiful sight.
John was determined to witness the birth",gptq
200,40.59423239999887,What is the product of 9 and 8?,"What is the product of 9 and 8?
 nobody knows
What is the product of 9 and 8?
9*8=72
What is the product of 9 and 8?
9*8=72.
What is the product of 9 and 8?
9*8=72.
What is the product of 9 and 8?
9*8=72.
What is the product of 9 and 8?
9*8=72.
What is the product of 9 and 8?
9*8=72.
9*8=72.
9*8=72.
9*8=72.
9*8=72.
9*8=72.
9*8=72.
9*8=72.
9*8=72.
9",gptq
200,38.24284565400012,"If a train travels 120 kilometers in 2 hours, what is its average speed?","If a train travels 120 kilometers in 2 hours, what is its average speed?
 everybody knows that the average speed of a train is 60 km/h.
but how can we calculate the average speed of a train?
The average speed of a train is the distance traveled by the train divided by the time it takes to travel that distance.
The average speed of a train is the distance traveled by the train divided by the time it takes to travel that distance. The average speed of a train is the distance traveled by the train divided by the time it takes to travel that distance.
The average speed of a train is the distance traveled by the train divided by the time it takes to travel that distance. The average speed of a train is the distance traveled by the train divided by the time it takes to travel that distance. The average speed of a train is the distance traveled by",gptq
200,30.26003309799853,"Think through this step by step. If the sequence a_n is defined by a_1 = 3, a_2 = 5, and a_n = a_(n-1) + a_(n-2) for n > 2, find a_6.","Think through this step by step. If the sequence a_n is defined by a_1 = 3, a_2 = 5, and a_n = a_(n-1) + a_(n-2) for n > 2, find a_6.
The sequence a_n is defined by a_1 = 3, a_2 = 5, and a_n = a_(n-1) + a_(n-2) for n > 2.
a_6 = a_(6-1) + a_(6-2)
= a_(5) + a_(5)
= 15 + 15
= 30.
The sequence a_n is defined by a_1 = 3, a_2 = 5, and a_n = a_(n-1) + a_(n-2) for n > 2.
a",gptq
